<Assemblies Version="14">
  <Assembly Name="mscorlib, Version=1.0.5000.0, Culture=neutral, PublicKeyToken=b77a5c561934e089" Cache="1f7bf9f9-b5e0-4af6-9790-f696f740010e.ReflectionCache" Timestamp="632254985420000000" />
  <Assembly Name="System.Runtime.Serialization.Formatters.Soap, Version=1.0.5000.0, Culture=neutral, PublicKeyToken=b03f5f7f11d50a3a" Cache="90807e0e-a4a6-4efe-9a90-677819158494.ReflectionCache" Timestamp="632254987140000000" />
  <Assembly Name="Accessibility, Version=1.0.5000.0, Culture=neutral, PublicKeyToken=b03f5f7f11d50a3a" Cache="ce4166ce-84ab-4e61-89f4-b977225b6713.ReflectionCache" Timestamp="631814342480000000" />
  <Assembly Name="System.Windows.Forms, Version=1.0.5000.0, Culture=neutral, PublicKeyToken=b77a5c561934e089" Cache="355dcf25-95ed-4fa1-823b-d0711d3558c0.ReflectionCache" Timestamp="632254987220000000" />
  <Assembly Name="System.Drawing, Version=1.0.5000.0, Culture=neutral, PublicKeyToken=b03f5f7f11d50a3a" Cache="8c4a308d-e1be-4cce-85f7-fc66e393ab85.ReflectionCache" Timestamp="632254985380000000" />
  <Assembly Name="System.Web, Version=1.0.5000.0, Culture=neutral, PublicKeyToken=b03f5f7f11d50a3a" Cache="ff3c59f5-dc24-4e7e-bfe8-becfad967bb8.ReflectionCache" Timestamp="632254985400000000" />
  <Assembly Name="System.Xml, Version=1.0.5000.0, Culture=neutral, PublicKeyToken=b77a5c561934e089" Cache="4ac9b430-fa4d-4b10-9e21-ee93d7b95710.ReflectionCache" Timestamp="632254985400000000" />
  <Assembly Name="System.Data, Version=1.0.5000.0, Culture=neutral, PublicKeyToken=b77a5c561934e089" Cache="87cf07d9-00ec-4b06-979d-e507bd763b48.ReflectionCache" Timestamp="632254987200000000" />
  <Assembly Name="System, Version=1.0.5000.0, Culture=neutral, PublicKeyToken=b77a5c561934e089" Cache="93c998fc-fb0a-46c0-854c-c3b67e7c4426.ReflectionCache" Timestamp="632254986760000000" />
</Assemblies>