<?xml version="1.0" encoding="UTF-8"?><?xml-stylesheet type='text/xsl' href='_UpgradeReport_Files/UpgradeReport.xslt'?><UpgradeLog>
<Properties><Property Name="Solution" Value="Excuses">
</Property><Property Name="Solution File" Value="C:\SimpleTalk\Excuse Generator\Excuses.sln">
</Property><Property Name="Date" Value="12 January 2007">
</Property><Property Name="Time" Value="16:34">
</Property></Properties><Event ErrorLevel="0" Project="Excuses" Source="Excuses.csproj" Description="Project converted successfully">
</Event><Event ErrorLevel="3" Project="Excuses" Source="Excuses.csproj" Description="Converted">
</Event><Event ErrorLevel="0" Project="" Source="Excuses.sln" Description="Solution converted successfully">
</Event><Event ErrorLevel="3" Project="" Source="Excuses.sln" Description="Converted">
</Event><Event ErrorLevel="0" Project="Excuses" Source="Excuses.csproj" Description="Scan complete: Upgrade not required for project files.">
</Event></UpgradeLog>